{
	"textures": {
		"staff_holy_celtic_staff": "./items/staff_holy_celtic_staff",
		"charging": "./items/staff_effects/staff_effect_charging"
	},
	"elements": [ 	 
		{
			"name": "Box1",
			"from": [ 6.25, 12.5, 8 ],
			"to": [ 7.25, 13.5, 8.5 ],
			"faces": {
				"down": { "uv": [ 6.25, 3.25, 7.25, 3.5 ], "texture": "#staff_holy_celtic_staff" },
				"up": { "uv": [ 6.25, 2.75, 7.25, 2.5 ], "texture": "#staff_holy_celtic_staff" },
				"north": { "uv": [ 7.25, 2.5, 6.25, 3.5 ], "texture": "#staff_holy_celtic_staff" },
				"south": { "uv": [ 6.25, 2.5, 7.25, 3.5 ], "texture": "#staff_holy_celtic_staff" }
			}
		},
		{
			"name": "Box2",
			"from": [ 6.75, 13.75, 8 ],
			"to": [ 9.25, 14, 8.5 ],
			"faces": {
				"down": { "uv": [ 6.75, 2, 9.25, 2.25 ], "texture": "#staff_holy_celtic_staff" },
				"up": { "uv": [ 6.75, 2.25, 9.25, 2 ], "texture": "#staff_holy_celtic_staff" },
				"north": { "uv": [ 9.25, 2, 6.75, 2.25 ], "texture": "#staff_holy_celtic_staff" },
				"south": { "uv": [ 6.75, 2, 9.25, 2.25 ], "texture": "#staff_holy_celtic_staff" },
				"west": { "uv": [ 6.75, 2, 7, 2.25 ], "texture": "#staff_holy_celtic_staff" },
				"east": { "uv": [ 9.25, 2.25, 9, 2 ], "texture": "#staff_holy_celtic_staff", "rotation": 180 }
			}
		},
		{
			"name": "Box3",
			"from": [ 6.75, 12, 8 ],
			"to": [ 7.25, 13.75, 8.5 ],
			"faces": {
				"down": { "uv": [ 6.75, 3.75, 7.25, 4 ], "texture": "#staff_holy_celtic_staff" },
				"north": { "uv": [ 7.25, 2.25, 6.75, 4 ], "texture": "#staff_holy_celtic_staff" },
				"south": { "uv": [ 6.75, 2.25, 7.25, 4 ], "texture": "#staff_holy_celtic_staff" },
				"west": { "uv": [ 6.75, 2.25, 7, 4 ], "texture": "#staff_holy_celtic_staff" },
				"east": { "uv": [ 7.25, 4, 7, 2.25 ], "texture": "#staff_holy_celtic_staff", "rotation": 180 }
			}
		},
		{
			"name": "Box4",
			"from": [ 7, 14, 8 ],
			"to": [ 9, 14.25, 8.5 ],
			"faces": {
				"up": { "uv": [ 7, 2, 9, 1.75 ], "texture": "#staff_holy_celtic_staff" },
				"north": { "uv": [ 9, 1.75, 7, 2 ], "texture": "#staff_holy_celtic_staff" },
				"south": { "uv": [ 7, 1.75, 9, 2 ], "texture": "#staff_holy_celtic_staff" },
				"west": { "uv": [ 7, 1.75, 7.25, 2 ], "texture": "#staff_holy_celtic_staff" },
				"east": { "uv": [ 9, 2, 8.75, 1.75 ], "texture": "#staff_holy_celtic_staff", "rotation": 180 }
			}
		},
		{
			"name": "Box5",
			"from": [ 7, 11.75, 8 ],
			"to": [ 9, 12, 8.5 ],
			"faces": {
				"down": { "uv": [ 7, 4, 9, 4.25 ], "texture": "#staff_holy_celtic_staff" },
				"up": { "uv": [ 7, 4.25, 9, 4 ], "texture": "#staff_holy_celtic_staff" },
				"north": { "uv": [ 9, 4, 7, 4.25 ], "texture": "#staff_holy_celtic_staff" },
				"south": { "uv": [ 7, 4, 9, 4.25 ], "texture": "#staff_holy_celtic_staff" },
				"west": { "uv": [ 7, 4, 7.25, 4.25 ], "texture": "#staff_holy_celtic_staff" },
				"east": { "uv": [ 9, 4.25, 8.75, 4 ], "texture": "#staff_holy_celtic_staff", "rotation": 180 }
			}
		},
		{
			"name": "Box6",
			"from": [ 7.25, 12.75, 8 ],
			"to": [ 9.75, 13.25, 8.5 ],
			"faces": {
				"down": { "uv": [ 7.25, 3, 9.75, 3.25 ], "texture": "#staff_holy_celtic_staff" },
				"up": { "uv": [ 7.25, 3, 9.75, 2.75 ], "texture": "#staff_holy_celtic_staff" },
				"north": { "uv": [ 9.75, 2.75, 7.25, 3.25 ], "texture": "#staff_holy_celtic_staff" },
				"south": { "uv": [ 7.25, 2.75, 9.75, 3.25 ], "texture": "#staff_holy_celtic_staff" }
			}
		},
		{
			"name": "Box7",
			"from": [ 7.25, 12, 8 ],
			"to": [ 9.25, 12.25, 8.5 ],
			"faces": {
				"down": { "uv": [ 7.25, 3.75, 9.25, 4 ], "texture": "#staff_holy_celtic_staff" },
				"up": { "uv": [ 7.25, 4, 9.25, 3.75 ], "texture": "#staff_holy_celtic_staff" },
				"north": { "uv": [ 9.25, 3.75, 7.25, 4 ], "texture": "#staff_holy_celtic_staff" },
				"south": { "uv": [ 7.25, 3.75, 9.25, 4 ], "texture": "#staff_holy_celtic_staff" },
				"east": { "uv": [ 9.25, 4, 9, 3.75 ], "texture": "#staff_holy_celtic_staff", "rotation": 180 }
			}
		},
		{
			"name": "Box8",
			"from": [ 7.5, 15, 7.75 ],
			"to": [ 8.5, 15.25, 8.75 ],
			"faces": {
				"down": { "uv": [ 7.5, 0.75, 8.5, 1 ], "texture": "#staff_holy_celtic_staff" },
				"up": { "uv": [ 7.5, 1, 8.5, 0.75 ], "texture": "#staff_holy_celtic_staff" },
				"north": { "uv": [ 8.5, 0.75, 7.5, 1 ], "texture": "#staff_holy_celtic_staff" },
				"south": { "uv": [ 7.5, 0.75, 8.5, 1 ], "texture": "#staff_holy_celtic_staff" },
				"west": { "uv": [ 7.5, 0.75, 7.75, 1 ], "texture": "#staff_holy_celtic_staff" },
				"east": { "uv": [ 8.5, 1, 8.25, 0.75 ], "texture": "#staff_holy_celtic_staff", "rotation": 180 }
			}
		},
		{
			"name": "Box9",
			"from": [ 7.5, 14.25, 7.75 ],
			"to": [ 8.5, 14.75, 8.75 ],
			"faces": {
				"down": { "uv": [ 7.5, 1.5, 8.5, 1.75 ], "texture": "#staff_holy_celtic_staff" },
				"up": { "uv": [ 7.5, 1.5, 8.5, 1.25 ], "texture": "#staff_holy_celtic_staff" },
				"north": { "uv": [ 8.5, 1.25, 7.5, 1.75 ], "texture": "#staff_holy_celtic_staff" },
				"south": { "uv": [ 7.5, 1.25, 8.5, 1.75 ], "texture": "#staff_holy_celtic_staff" },
				"west": { "uv": [ 7.5, 1.25, 7.75, 1.75 ], "texture": "#staff_holy_celtic_staff" },
				"east": { "uv": [ 8.5, 1.75, 8.25, 1.25 ], "texture": "#staff_holy_celtic_staff", "rotation": 180 }
			}
		},
		{
			"name": "Box10",
			"from": [ 7.5, 11.25, 7.75 ],
			"to": [ 8.5, 11.75, 8.75 ],
			"faces": {
				"down": { "uv": [ 7.5, 4.5, 8.5, 4.75 ], "texture": "#staff_holy_celtic_staff" },
				"up": { "uv": [ 7.5, 4.5, 8.5, 4.25 ], "texture": "#staff_holy_celtic_staff" },
				"north": { "uv": [ 8.5, 4.25, 7.5, 4.75 ], "texture": "#staff_holy_celtic_staff" },
				"south": { "uv": [ 7.5, 4.25, 8.5, 4.75 ], "texture": "#staff_holy_celtic_staff" },
				"west": { "uv": [ 7.5, 4.25, 7.75, 4.75 ], "texture": "#staff_holy_celtic_staff" },
				"east": { "uv": [ 8.5, 4.75, 8.25, 4.25 ], "texture": "#staff_holy_celtic_staff", "rotation": 180 }
			}
		},
		{
			"name": "Box11",
			"from": [ 7.5, 10.25, 7.75 ],
			"to": [ 8.5, 11, 8.75 ],
			"faces": {
				"down": { "uv": [ 7.5, 5.5, 8.5, 5.75 ], "texture": "#staff_holy_celtic_staff" },
				"up": { "uv": [ 7.5, 5.25, 8.5, 5 ], "texture": "#staff_holy_celtic_staff" },
				"north": { "uv": [ 8.5, 5, 7.5, 5.75 ], "texture": "#staff_holy_celtic_staff" },
				"south": { "uv": [ 7.5, 5, 8.5, 5.75 ], "texture": "#staff_holy_celtic_staff" },
				"west": { "uv": [ 7.5, 5, 7.75, 5.75 ], "texture": "#staff_holy_celtic_staff" },
				"east": { "uv": [ 8.5, 5.75, 8.25, 5 ], "texture": "#staff_holy_celtic_staff", "rotation": 180 }
			}
		},
		{
			"name": "Box12",
			"from": [ 7.75, 0, 8 ],
			"to": [ 8.25, 15, 8.5 ],
			"faces": {
				"down": { "uv": [ 7.75, 15.75, 8.25, 16 ], "texture": "#staff_holy_celtic_staff", "cullface": "down" },
				"north": { "uv": [ 8.25, 1, 7.75, 16 ], "texture": "#staff_holy_celtic_staff" },
				"south": { "uv": [ 7.75, 1, 8.25, 16 ], "texture": "#staff_holy_celtic_staff" },
				"west": { "uv": [ 7.75, 1, 8, 16 ], "texture": "#staff_holy_celtic_staff" },
				"east": { "uv": [ 8.25, 16, 8, 1 ], "texture": "#staff_holy_celtic_staff", "rotation": 180 }
			}
		},
		{
			"name": "Box13",
			"from": [ 8.75, 12.25, 8 ],
			"to": [ 9.25, 13.75, 8.5 ],
			"faces": {
				"north": { "uv": [ 9.25, 2.25, 8.75, 3.75 ], "texture": "#staff_holy_celtic_staff" },
				"south": { "uv": [ 8.75, 2.25, 9.25, 3.75 ], "texture": "#staff_holy_celtic_staff" },
				"west": { "uv": [ 8.75, 2.25, 9, 3.75 ], "texture": "#staff_holy_celtic_staff" },
				"east": { "uv": [ 9.25, 3.75, 9, 2.25 ], "texture": "#staff_holy_celtic_staff", "rotation": 180 }
			}
		},
		{
			"name": "Box14",
			"from": [ 9.25, 12.5, 7.75 ],
			"to": [ 9.75, 13.5, 8.75 ],
			"faces": {
				"down": { "uv": [ 9.25, 3.25, 9.75, 3.5 ], "texture": "#staff_holy_celtic_staff" },
				"up": { "uv": [ 9.25, 2.75, 9.75, 2.5 ], "texture": "#staff_holy_celtic_staff" },
				"north": { "uv": [ 9.75, 2.5, 9.25, 3.5 ], "texture": "#staff_holy_celtic_staff" },
				"south": { "uv": [ 9.25, 2.5, 9.75, 3.5 ], "texture": "#staff_holy_celtic_staff" },
				"west": { "uv": [ 9.25, 2.5, 9.5, 3.5 ], "texture": "#staff_holy_celtic_staff" },
				"east": { "uv": [ 9.75, 3.5, 9.5, 2.5 ], "texture": "#staff_holy_celtic_staff", "rotation": 180 }
			}
		},
		{
			"name": "Box1",
			"from": [ 6.25, 12.5, 7.75 ],
			"to": [ 6.75, 13.5, 8.75 ],
			"faces": {
				"down": { "uv": [ 6.25, 3.25, 6.75, 3.5 ], "texture": "#staff_holy_celtic_staff" },
				"up": { "uv": [ 6.25, 2.75, 6.75, 2.5 ], "texture": "#staff_holy_celtic_staff" },
				"north": { "uv": [ 6.75, 2.5, 6.25, 3.5 ], "texture": "#staff_holy_celtic_staff" },
				"south": { "uv": [ 6.25, 2.5, 6.75, 3.5 ], "texture": "#staff_holy_celtic_staff" },
				"west": { "uv": [ 6.25, 2.5, 6.5, 3.5 ], "texture": "#staff_holy_celtic_staff" },
				"east": { "uv": [ 6.75, 2.5, 6.5, 3.5 ], "texture": "#staff_holy_celtic_staff" }
			}
		},
		{
			"name": "PlaneX18",
			"from": [ 8, 9.375, 4.625 ],
			"to": [ 8.001, 16.625, 11.875 ],
			"faces": {
				"west": { "uv": [ 0, 0, 16, 16 ], "texture": "#charging" },
				"east": { "uv": [ 16, 0, 0, 16 ], "texture": "#charging" }
			}
		},
		{
			"name": "PlaneX18",
			"from": [ 4.375, 9.375, 8.25 ],
			"to": [ 11.625, 16.625, 8.251 ],
			"faces": {
				"north": { "uv": [ 0, 0, 16, 16 ], "texture": "#charging" },
				"south": { "uv": [ 16, 0, 0, 16 ], "texture": "#charging" }
			}
		}
	],
	"gui_light": "front",
	"display": {
		"thirdperson_righthand": {
			"rotation":  [ 0, 180, 0 ],
			"translation":  [ 0, 0, 2.5 ],
			"scale":  [ 3, 3, 3 ]
		},
		"thirdperson_lefthand": {
			"rotation":  [ 0, 180, 0 ],
			"translation":  [ 0, 0, 2.5 ],
			"scale":  [ 3, 3, 3 ]
		},
		"firstperson_righthand": {
			"rotation":  [ -15, 180, 0 ],
			"translation":  [ 2, 4, 0 ],
			"scale":  [ 2, 2, 2 ]
		},
		"firstperson_lefthand": {
			"rotation":  [ -15, 180, 0 ],
			"translation":  [ 2, 4, 0 ],
			"scale":  [ 2, 2, 2 ]
		},
		"gui": {
			"rotation":  [ 0, 0, -45 ],
			"scale":  [ 1.3, 1.3, 1.3 ]
		},
		"ground": {
			"rotation":  [ 0, 0, -45 ],
			"translation":  [ 0, 2, 0 ]
		},
		"fixed": {
			"rotation":  [ 0, -180, -45 ],
			"scale":  [ 2, 2, 2 ]
		}
	}
}