{
	"textures": {
		"staff_black_snake_staff": "./items/staff_black_snake_staff",
		"charging": "./items/staff_effects/staff_effect_charged"
	},
	"elements": [ 	 
		{
			"name": "Box1",
			"from": [ 7, 12, 7.75 ],
			"to": [ 9, 13.5, 8 ],
			"faces": {
				"down": { "uv": [ 7, 3.75, 9, 4 ], "texture": "#staff_black_snake_staff" },
				"up": { "uv": [ 7, 2.75, 9, 2.5 ], "texture": "#staff_black_snake_staff" },
				"north": { "uv": [ 9, 2.5, 7, 4 ], "texture": "#staff_black_snake_staff" },
				"south": { "uv": [ 7, 2.5, 9, 4 ], "texture": "#staff_black_snake_staff" },
				"west": { "uv": [ 7, 2.5, 7.25, 4 ], "texture": "#staff_black_snake_staff" },
				"east": { "uv": [ 9, 4, 8.75, 2.5 ], "texture": "#staff_black_snake_staff", "rotation": 180 }
			}
		},
		{
			"name": "Box2",
			"from": [ 7.25, 12.25, 7.5 ],
			"to": [ 8.75, 13.75, 9 ],
			"faces": {
				"down": { "uv": [ 7.25, 3.5, 8.75, 3.75 ], "texture": "#staff_black_snake_staff" },
				"up": { "uv": [ 7.25, 2.5, 8.75, 2.25 ], "texture": "#staff_black_snake_staff" },
				"north": { "uv": [ 8.75, 2.25, 7.25, 3.75 ], "texture": "#staff_black_snake_staff" },
				"south": { "uv": [ 7.25, 2.25, 8.75, 3.75 ], "texture": "#staff_black_snake_staff" },
				"west": { "uv": [ 7.25, 2.25, 7.5, 3.75 ], "texture": "#staff_black_snake_staff" },
				"east": { "uv": [ 8.75, 2.25, 8.5, 3.75 ], "texture": "#staff_black_snake_staff" }
			}
		},
		{
			"name": "Box3",
			"from": [ 7.25, 10.25, 8.125 ],
			"to": [ 7.5, 11.75, 8.375 ],
			"faces": {
				"down": { "uv": [ 7.25, 5.5, 7.5, 5.75 ], "texture": "#staff_black_snake_staff" },
				"up": { "uv": [ 7.25, 4.5, 7.5, 4.25 ], "texture": "#staff_black_snake_staff" },
				"north": { "uv": [ 7.5, 4.25, 7.25, 5.75 ], "texture": "#staff_black_snake_staff" },
				"south": { "uv": [ 7.25, 4.25, 7.5, 5.75 ], "texture": "#staff_black_snake_staff" },
				"west": { "uv": [ 7.25, 4.25, 7.5, 5.75 ], "texture": "#staff_black_snake_staff" },
				"east": { "uv": [ 7.5, 5.75, 7.25, 4.25 ], "texture": "#staff_black_snake_staff", "rotation": 180 }
			}
		},
		{
			"name": "Box4",
			"from": [ 7.25, 9.75, 8.125 ],
			"to": [ 8.75, 10, 8.375 ],
			"faces": {
				"down": { "uv": [ 7.25, 6, 8.75, 6.25 ], "texture": "#staff_black_snake_staff" },
				"up": { "uv": [ 7.25, 6.25, 8.75, 6 ], "texture": "#staff_black_snake_staff" },
				"north": { "uv": [ 8.75, 6, 7.25, 6.25 ], "texture": "#staff_black_snake_staff" },
				"south": { "uv": [ 7.25, 6, 8.75, 6.25 ], "texture": "#staff_black_snake_staff" },
				"west": { "uv": [ 7.25, 6, 7.5, 6.25 ], "texture": "#staff_black_snake_staff" },
				"east": { "uv": [ 8.75, 6.25, 8.5, 6 ], "texture": "#staff_black_snake_staff", "rotation": 180 }
			}
		},
		{
			"name": "Box5",
			"from": [ 7.25, 9.25, 8.125 ],
			"to": [ 7.5, 9.75, 8.375 ],
			"faces": {
				"down": { "uv": [ 7.25, 6.5, 7.5, 6.75 ], "texture": "#staff_black_snake_staff" },
				"north": { "uv": [ 7.5, 6.25, 7.25, 6.75 ], "texture": "#staff_black_snake_staff" },
				"south": { "uv": [ 7.25, 6.25, 7.5, 6.75 ], "texture": "#staff_black_snake_staff" },
				"west": { "uv": [ 7.25, 6.25, 7.5, 6.75 ], "texture": "#staff_black_snake_staff" },
				"east": { "uv": [ 7.5, 6.75, 7.25, 6.25 ], "texture": "#staff_black_snake_staff", "rotation": 180 }
			}
		},
		{
			"name": "Box6",
			"from": [ 7.5, 11.25, 8.125 ],
			"to": [ 8.75, 11.5, 8.375 ],
			"faces": {
				"down": { "uv": [ 7.5, 4.5, 8.75, 4.75 ], "texture": "#staff_black_snake_staff" },
				"up": { "uv": [ 7.5, 4.75, 8.75, 4.5 ], "texture": "#staff_black_snake_staff" },
				"north": { "uv": [ 8.75, 4.5, 7.5, 4.75 ], "texture": "#staff_black_snake_staff" },
				"south": { "uv": [ 7.5, 4.5, 8.75, 4.75 ], "texture": "#staff_black_snake_staff" }
			}
		},
		{
			"name": "Box7",
			"from": [ 7.5, 10.5, 8.125 ],
			"to": [ 8.75, 10.75, 8.375 ],
			"faces": {
				"down": { "uv": [ 7.5, 5.25, 8.75, 5.5 ], "texture": "#staff_black_snake_staff" },
				"up": { "uv": [ 7.5, 5.5, 8.75, 5.25 ], "texture": "#staff_black_snake_staff" },
				"north": { "uv": [ 8.75, 5.25, 7.5, 5.5 ], "texture": "#staff_black_snake_staff" },
				"south": { "uv": [ 7.5, 5.25, 8.75, 5.5 ], "texture": "#staff_black_snake_staff" }
			}
		},
		{
			"name": "Box8",
			"from": [ 7.5, 9.25, 8.125 ],
			"to": [ 8.75, 9.5, 8.375 ],
			"faces": {
				"down": { "uv": [ 7.5, 6.5, 8.75, 6.75 ], "texture": "#staff_black_snake_staff" },
				"up": { "uv": [ 7.5, 6.75, 8.75, 6.5 ], "texture": "#staff_black_snake_staff" },
				"north": { "uv": [ 8.75, 6.5, 7.5, 6.75 ], "texture": "#staff_black_snake_staff" },
				"south": { "uv": [ 7.5, 6.5, 8.75, 6.75 ], "texture": "#staff_black_snake_staff" },
				"east": { "uv": [ 8.75, 6.75, 8.5, 6.5 ], "texture": "#staff_black_snake_staff", "rotation": 180 }
			}
		},
		{
			"name": "Box9",
			"from": [ 7.75, 0.25, 8 ],
			"to": [ 8.25, 12, 8.5 ],
			"faces": {
				"down": { "uv": [ 7.75, 15.5, 8.25, 15.75 ], "texture": "#staff_black_snake_staff" },
				"north": { "uv": [ 8.25, 4, 7.75, 15.75 ], "texture": "#staff_black_snake_staff" },
				"south": { "uv": [ 7.75, 4, 8.25, 15.75 ], "texture": "#staff_black_snake_staff" },
				"west": { "uv": [ 7.75, 4, 8, 15.75 ], "texture": "#staff_black_snake_staff" },
				"east": { "uv": [ 8.25, 15.75, 8, 4 ], "texture": "#staff_black_snake_staff", "rotation": 180 }
			}
		},
		{
			"name": "Box10",
			"from": [ 8.5, 10.25, 8.125 ],
			"to": [ 8.75, 11.75, 8.375 ],
			"faces": {
				"down": { "uv": [ 8.5, 5.5, 8.75, 5.75 ], "texture": "#staff_black_snake_staff" },
				"up": { "uv": [ 8.5, 4.5, 8.75, 4.25 ], "texture": "#staff_black_snake_staff" },
				"north": { "uv": [ 8.75, 4.25, 8.5, 5.75 ], "texture": "#staff_black_snake_staff" },
				"south": { "uv": [ 8.5, 4.25, 8.75, 5.75 ], "texture": "#staff_black_snake_staff" },
				"west": { "uv": [ 8.5, 4.25, 8.75, 5.75 ], "texture": "#staff_black_snake_staff" },
				"east": { "uv": [ 8.75, 5.75, 8.5, 4.25 ], "texture": "#staff_black_snake_staff", "rotation": 180 }
			}
		},
		{
			"name": "Box11",
			"from": [ 8.5, 9.5, 8.125 ],
			"to": [ 8.75, 9.75, 8.375 ],
			"faces": {
				"north": { "uv": [ 8.75, 6.25, 8.5, 6.5 ], "texture": "#staff_black_snake_staff" },
				"south": { "uv": [ 8.5, 6.25, 8.75, 6.5 ], "texture": "#staff_black_snake_staff" },
				"west": { "uv": [ 8.5, 6.25, 8.75, 6.5 ], "texture": "#staff_black_snake_staff" },
				"east": { "uv": [ 8.75, 6.5, 8.5, 6.25 ], "texture": "#staff_black_snake_staff", "rotation": 180 }
			}
		},
		{
			"name": "Box1",
			"from": [ 7, 12, 8.5 ],
			"to": [ 9, 13.5, 8.75 ],
			"faces": {
				"down": { "uv": [ 7, 3.75, 9, 4 ], "texture": "#staff_black_snake_staff" },
				"up": { "uv": [ 7, 2.75, 9, 2.5 ], "texture": "#staff_black_snake_staff" },
				"north": { "uv": [ 9, 2.5, 7, 4 ], "texture": "#staff_black_snake_staff" },
				"south": { "uv": [ 7, 2.5, 9, 4 ], "texture": "#staff_black_snake_staff" },
				"west": { "uv": [ 7, 2.5, 7.25, 4 ], "texture": "#staff_black_snake_staff" },
				"east": { "uv": [ 9, 4, 8.75, 2.5 ], "texture": "#staff_black_snake_staff", "rotation": 180 }
			}
		},
		{
			"name": "Box9",
			"from": [ 7.75, 12, 8 ],
			"to": [ 8.25, 12.25, 8.5 ],
			"faces": {
				"west": { "uv": [ 7.75, 4, 8, 4.25 ], "texture": "#staff_black_snake_staff" },
				"east": { "uv": [ 8.25, 4, 8, 4.25 ], "texture": "#staff_black_snake_staff" }
			}
		},
		{
			"name": "Box5",
			"from": [ 7.875, 9.25, 7.5 ],
			"to": [ 8.125, 9.75, 7.75 ],
			"faces": {
				"down": { "uv": [ 7.25, 6.5, 7.5, 6.75 ], "texture": "#staff_black_snake_staff", "rotation": 270 },
				"north": { "uv": [ 7.25, 6.25, 7.5, 6.75 ], "texture": "#staff_black_snake_staff" },
				"south": { "uv": [ 7.5, 6.75, 7.25, 6.25 ], "texture": "#staff_black_snake_staff", "rotation": 180 },
				"west": { "uv": [ 7.25, 6.25, 7.5, 6.75 ], "texture": "#staff_black_snake_staff" },
				"east": { "uv": [ 7.5, 6.25, 7.25, 6.75 ], "texture": "#staff_black_snake_staff" }
			}
		},
		{
			"name": "Box4",
			"from": [ 7.875, 9.75, 7.5 ],
			"to": [ 8.125, 10, 9 ],
			"faces": {
				"down": { "uv": [ 7.25, 6, 8.75, 6.25 ], "texture": "#staff_black_snake_staff", "rotation": 270 },
				"up": { "uv": [ 7.25, 6.25, 8.75, 6 ], "texture": "#staff_black_snake_staff", "rotation": 90 },
				"north": { "uv": [ 7.25, 6, 7.5, 6.25 ], "texture": "#staff_black_snake_staff" },
				"south": { "uv": [ 8.75, 6.25, 8.5, 6 ], "texture": "#staff_black_snake_staff", "rotation": 180 },
				"west": { "uv": [ 7.25, 6, 8.75, 6.25 ], "texture": "#staff_black_snake_staff" },
				"east": { "uv": [ 8.75, 6, 7.25, 6.25 ], "texture": "#staff_black_snake_staff" }
			}
		},
		{
			"name": "Box8",
			"from": [ 7.875, 9.25, 7.75 ],
			"to": [ 8.125, 9.5, 9 ],
			"faces": {
				"down": { "uv": [ 7.5, 6.5, 8.75, 6.75 ], "texture": "#staff_black_snake_staff", "rotation": 270 },
				"up": { "uv": [ 7.5, 6.75, 8.75, 6.5 ], "texture": "#staff_black_snake_staff", "rotation": 90 },
				"south": { "uv": [ 8.75, 6.75, 8.5, 6.5 ], "texture": "#staff_black_snake_staff", "rotation": 180 },
				"west": { "uv": [ 7.5, 6.5, 8.75, 6.75 ], "texture": "#staff_black_snake_staff" },
				"east": { "uv": [ 8.75, 6.5, 7.5, 6.75 ], "texture": "#staff_black_snake_staff" }
			}
		},
		{
			"name": "Box11",
			"from": [ 7.875, 9.5, 8.75 ],
			"to": [ 8.125, 9.75, 9 ],
			"faces": {
				"north": { "uv": [ 8.5, 6.25, 8.75, 6.5 ], "texture": "#staff_black_snake_staff" },
				"south": { "uv": [ 8.75, 6.5, 8.5, 6.25 ], "texture": "#staff_black_snake_staff", "rotation": 180 },
				"west": { "uv": [ 8.5, 6.25, 8.75, 6.5 ], "texture": "#staff_black_snake_staff" },
				"east": { "uv": [ 8.75, 6.25, 8.5, 6.5 ], "texture": "#staff_black_snake_staff" }
			}
		},
		{
			"name": "Box10",
			"from": [ 7.875, 10.25, 8.75 ],
			"to": [ 8.125, 11.75, 9 ],
			"faces": {
				"down": { "uv": [ 8.5, 5.5, 8.75, 5.75 ], "texture": "#staff_black_snake_staff", "rotation": 270 },
				"up": { "uv": [ 8.5, 4.5, 8.75, 4.25 ], "texture": "#staff_black_snake_staff", "rotation": 90 },
				"north": { "uv": [ 8.5, 4.25, 8.75, 5.75 ], "texture": "#staff_black_snake_staff" },
				"south": { "uv": [ 8.75, 5.75, 8.5, 4.25 ], "texture": "#staff_black_snake_staff", "rotation": 180 },
				"west": { "uv": [ 8.5, 4.25, 8.75, 5.75 ], "texture": "#staff_black_snake_staff" },
				"east": { "uv": [ 8.75, 4.25, 8.5, 5.75 ], "texture": "#staff_black_snake_staff" }
			}
		},
		{
			"name": "Box7",
			"from": [ 7.875, 10.5, 7.75 ],
			"to": [ 8.125, 10.75, 9 ],
			"faces": {
				"down": { "uv": [ 7.5, 5.25, 8.75, 5.5 ], "texture": "#staff_black_snake_staff", "rotation": 270 },
				"up": { "uv": [ 7.5, 5.5, 8.75, 5.25 ], "texture": "#staff_black_snake_staff", "rotation": 90 },
				"west": { "uv": [ 7.5, 5.25, 8.75, 5.5 ], "texture": "#staff_black_snake_staff" },
				"east": { "uv": [ 8.75, 5.25, 7.5, 5.5 ], "texture": "#staff_black_snake_staff" }
			}
		},
		{
			"name": "Box6",
			"from": [ 7.875, 11.25, 7.75 ],
			"to": [ 8.125, 11.5, 9 ],
			"faces": {
				"down": { "uv": [ 7.5, 4.5, 8.75, 4.75 ], "texture": "#staff_black_snake_staff", "rotation": 270 },
				"up": { "uv": [ 7.5, 4.75, 8.75, 4.5 ], "texture": "#staff_black_snake_staff", "rotation": 90 },
				"west": { "uv": [ 7.5, 4.5, 8.75, 4.75 ], "texture": "#staff_black_snake_staff" },
				"east": { "uv": [ 8.75, 4.5, 7.5, 4.75 ], "texture": "#staff_black_snake_staff" }
			}
		},
		{
			"name": "Box3",
			"from": [ 7.875, 10.25, 7.5 ],
			"to": [ 8.125, 11.75, 7.75 ],
			"faces": {
				"down": { "uv": [ 7.25, 5.5, 7.5, 5.75 ], "texture": "#staff_black_snake_staff", "rotation": 270 },
				"up": { "uv": [ 7.25, 4.5, 7.5, 4.25 ], "texture": "#staff_black_snake_staff", "rotation": 90 },
				"north": { "uv": [ 7.25, 4.25, 7.5, 5.75 ], "texture": "#staff_black_snake_staff" },
				"south": { "uv": [ 7.5, 5.75, 7.25, 4.25 ], "texture": "#staff_black_snake_staff", "rotation": 180 },
				"west": { "uv": [ 7.25, 4.25, 7.5, 5.75 ], "texture": "#staff_black_snake_staff" },
				"east": { "uv": [ 7.5, 4.25, 7.25, 5.75 ], "texture": "#staff_black_snake_staff" }
			}
		},
		{
			"name": "PlaneX22",
			"from": [ 8, 9.375, 4.625 ],
			"to": [ 8.001, 16.625, 11.875 ],
			"faces": {
				"west": { "uv": [ 0, 0, 16, 16 ], "texture": "#charging" },
				"east": { "uv": [ 16, 0, 0, 16 ], "texture": "#charging" }
			}
		},
		{
			"name": "PlaneX22",
			"from": [ 4.375, 9.375, 8.249 ],
			"to": [ 11.625, 16.625, 8.25 ],
			"faces": {
				"north": { "uv": [ 16, 0, 0, 16 ], "texture": "#charging" },
				"south": { "uv": [ 0, 0, 16, 16 ], "texture": "#charging" }
			}
		}
	],
	"gui_light": "front",
	"display": {
		"thirdperson_righthand": {
			"rotation":  [ 0, -90, 0 ],
			"translation":  [ 0.75, 0, 1.5 ],
			"scale":  [ 3, 3, 3 ]
		},
		"thirdperson_lefthand": {
			"rotation":  [ 0, 90, 0 ],
			"translation":  [ -0.75, 0, 1.5 ],
			"scale":  [ 3, 3, 3 ]
		},
		"firstperson_righthand": {
			"rotation":  [ 0, -90, 15 ],
			"translation":  [ 1, 4, 0 ],
			"scale":  [ 2, 2, 2 ]
		},
		"firstperson_lefthand": {
			"rotation":  [ 0, 90, -15 ],
			"translation":  [ 1, 4, 0 ],
			"scale":  [ 2, 2, 2 ]
		},
		"gui": {
			"rotation":  [ 0, 0, -45 ],
			"scale":  [ 1.3, 1.3, 1.3 ]
		},
		"ground": {
			"rotation":  [ 0, 0, -45 ],
			"translation":  [ 0, 2, 0 ]
		},
		"fixed": {
			"rotation":  [ 0, -180, -45 ],
			"scale":  [ 2, 2, 2 ]
		}
	}
}