{
	 
	"textures": {
		"staff_goblin_witch_staff_supplement": "./items/staff_goblin_witch_staff_supplement",
		"staff_goblin_witch_staff": "./items/staff_goblin_witch_staff",
		"charging": "./items/staff_effects/staff_effect_charging"
	},
	"elements": [ 	 
		{
			"name": "Box1",
			"from": [ 6.75, 12.25, 7.75 ],
			"to": [ 9.25, 13.5, 8.75 ],
			"faces": {
				"down": { "uv": [ 6.75, 3.5, 9.25, 3.75 ], "texture": "#staff_goblin_witch_staff" },
				"up": { "uv": [ 6.75, 2.75, 9.25, 2.5 ], "texture": "#staff_goblin_witch_staff" },
				"north": { "uv": [ 9.25, 2.5, 6.75, 3.75 ], "texture": "#staff_goblin_witch_staff" },
				"south": { "uv": [ 6.75, 2.5, 9.25, 3.75 ], "texture": "#staff_goblin_witch_staff" },
				"west": { "uv": [ 6.75, 2.5, 7, 3.75 ], "texture": "#staff_goblin_witch_staff" },
				"east": { "uv": [ 9.25, 3.75, 9, 2.5 ], "texture": "#staff_goblin_witch_staff", "rotation": 180 }
			}
		},
		{
			"name": "Box2",
			"from": [ 7, 12, 7.75 ],
			"to": [ 9, 13.75, 9 ],
			"faces": {
				"down": { "uv": [ 7, 3.75, 9, 4 ], "texture": "#staff_goblin_witch_staff" },
				"up": { "uv": [ 7, 2.5, 9, 2.25 ], "texture": "#staff_goblin_witch_staff" },
				"south": { "uv": [ 7, 2.25, 9, 4 ], "texture": "#staff_goblin_witch_staff" },
				"west": { "uv": [ 7, 2.25, 7.25, 4 ], "texture": "#staff_goblin_witch_staff" },
				"east": { "uv": [ 9, 2.25, 8.75, 4 ], "texture": "#staff_goblin_witch_staff" }
			}
		},
		{
			"name": "Box3",
			"from": [ 7.25, 12, 7.75 ],
			"to": [ 8.75, 14, 8.75 ],
			"faces": {
				"up": { "uv": [ 7.25, 2.25, 8.75, 2 ], "texture": "#staff_goblin_witch_staff" },
				"north": { "uv": [ 8.75, 2, 7.25, 4 ], "texture": "#staff_goblin_witch_staff" },
				"south": { "uv": [ 7.25, 2, 8.75, 4 ], "texture": "#staff_goblin_witch_staff" },
				"west": { "uv": [ 7.25, 2, 7.5, 4 ], "texture": "#staff_goblin_witch_staff" },
				"east": { "uv": [ 8.75, 2, 8.5, 4 ], "texture": "#staff_goblin_witch_staff" }
			}
		},
		{
			"name": "Box4",
			"from": [ 7.25, 11.5, 8.75 ],
			"to": [ 7.5, 12, 9 ],
			"faces": {
				"down": { "uv": [ 7.25, 4.25, 7.5, 4.5 ], "texture": "#staff_goblin_witch_staff" },
				"north": { "uv": [ 7.5, 4, 7.25, 4.5 ], "texture": "#staff_goblin_witch_staff" },
				"south": { "uv": [ 7.25, 4, 7.5, 4.5 ], "texture": "#staff_goblin_witch_staff" },
				"west": { "uv": [ 7.25, 4, 7.5, 4.5 ], "texture": "#staff_goblin_witch_staff" },
				"east": { "uv": [ 7.5, 4, 7.25, 4.5 ], "texture": "#staff_goblin_witch_staff" }
			}
		},
		{
			"name": "Box5",
			"from": [ 7.25, 10.5, 8 ],
			"to": [ 8.5, 10.75, 8.5 ],
			"faces": {
				"down": { "uv": [ 7.25, 5.25, 8.5, 5.5 ], "texture": "#staff_goblin_witch_staff" },
				"up": { "uv": [ 7.25, 5.5, 8.5, 5.25 ], "texture": "#staff_goblin_witch_staff" },
				"north": { "uv": [ 8.5, 5.25, 7.25, 5.5 ], "texture": "#staff_goblin_witch_staff" },
				"south": { "uv": [ 7.25, 5.25, 8.5, 5.5 ], "texture": "#staff_goblin_witch_staff" },
				"west": { "uv": [ 7.25, 5.25, 7.5, 5.5 ], "texture": "#staff_goblin_witch_staff" },
				"east": { "uv": [ 8.5, 5.5, 8.25, 5.25 ], "texture": "#staff_goblin_witch_staff", "rotation": 180 }
			}
		},
		{
			"name": "Box6",
			"from": [ 7.25, 10.25, 8 ],
			"to": [ 8.25, 10.5, 8.5 ],
			"faces": {
				"down": { "uv": [ 7.25, 5.5, 8.25, 5.75 ], "texture": "#staff_goblin_witch_staff" },
				"north": { "uv": [ 8.25, 5.5, 7.25, 5.75 ], "texture": "#staff_goblin_witch_staff" },
				"south": { "uv": [ 7.25, 5.5, 8.25, 5.75 ], "texture": "#staff_goblin_witch_staff" },
				"west": { "uv": [ 7.25, 5.5, 7.5, 5.75 ], "texture": "#staff_goblin_witch_staff" },
				"east": { "uv": [ 8.25, 5.75, 8, 5.5 ], "texture": "#staff_goblin_witch_staff", "rotation": 180 }
			}
		},
		{
			"name": "Box7",
			"from": [ 7.25, 8.75, 8 ],
			"to": [ 8.25, 9.25, 8.5 ],
			"faces": {
				"down": { "uv": [ 7.25, 7, 8.25, 7.25 ], "texture": "#staff_goblin_witch_staff" },
				"up": { "uv": [ 7.25, 7, 8.25, 6.75 ], "texture": "#staff_goblin_witch_staff" },
				"north": { "uv": [ 8.25, 6.75, 7.25, 7.25 ], "texture": "#staff_goblin_witch_staff" },
				"south": { "uv": [ 7.25, 6.75, 8.25, 7.25 ], "texture": "#staff_goblin_witch_staff" },
				"west": { "uv": [ 7.25, 6.75, 7.5, 7.25 ], "texture": "#staff_goblin_witch_staff" },
				"east": { "uv": [ 8.25, 7.25, 8, 6.75 ], "texture": "#staff_goblin_witch_staff", "rotation": 180 }
			}
		},
		{
			"name": "Box8",
			"from": [ 7.25, 1.25, 7.75 ],
			"to": [ 7.75, 1.75, 8.25 ],
			"faces": {
				"down": { "uv": [ 7.25, 14.5, 7.75, 14.75 ], "texture": "#staff_goblin_witch_staff" },
				"up": { "uv": [ 7.25, 14.5, 7.75, 14.25 ], "texture": "#staff_goblin_witch_staff" },
				"north": { "uv": [ 7.75, 14.25, 7.25, 14.75 ], "texture": "#staff_goblin_witch_staff" },
				"south": { "uv": [ 7.25, 14.25, 7.75, 14.75 ], "texture": "#staff_goblin_witch_staff" },
				"west": { "uv": [ 7.25, 14.25, 7.5, 14.75 ], "texture": "#staff_goblin_witch_staff" },
				"east": { "uv": [ 7.75, 14.25, 7.5, 14.75 ], "texture": "#staff_goblin_witch_staff" }
			}
		},
		{
			"name": "Box9",
			"from": [ 7.5, 10.75, 8 ],
			"to": [ 8.5, 11, 8.5 ],
			"faces": {
				"up": { "uv": [ 7.5, 5.25, 8.5, 5 ], "texture": "#staff_goblin_witch_staff" },
				"north": { "uv": [ 8.5, 5, 7.5, 5.25 ], "texture": "#staff_goblin_witch_staff" },
				"south": { "uv": [ 7.5, 5, 8.5, 5.25 ], "texture": "#staff_goblin_witch_staff" },
				"west": { "uv": [ 7.5, 5, 7.75, 5.25 ], "texture": "#staff_goblin_witch_staff" },
				"east": { "uv": [ 8.5, 5.25, 8.25, 5 ], "texture": "#staff_goblin_witch_staff", "rotation": 180 }
			}
		},
		{
			"name": "Box10",
			"from": [ 7.5, 10, 8 ],
			"to": [ 8.5, 10.25, 8.5 ],
			"faces": {
				"down": { "uv": [ 7.5, 5.75, 8.5, 6 ], "texture": "#staff_goblin_witch_staff" },
				"up": { "uv": [ 7.5, 6, 8.5, 5.75 ], "texture": "#staff_goblin_witch_staff" },
				"north": { "uv": [ 8.5, 5.75, 7.5, 6 ], "texture": "#staff_goblin_witch_staff" },
				"south": { "uv": [ 7.5, 5.75, 8.5, 6 ], "texture": "#staff_goblin_witch_staff" },
				"west": { "uv": [ 7.5, 5.75, 7.75, 6 ], "texture": "#staff_goblin_witch_staff" },
				"east": { "uv": [ 8.5, 6, 8.25, 5.75 ], "texture": "#staff_goblin_witch_staff", "rotation": 180 }
			}
		},
		{
			"name": "Box11",
			"from": [ 7.5, 9.25, 8 ],
			"to": [ 8.5, 9.5, 8.5 ],
			"faces": {
				"down": { "uv": [ 7.5, 6.5, 8.5, 6.75 ], "texture": "#staff_goblin_witch_staff" },
				"up": { "uv": [ 7.5, 6.75, 8.5, 6.5 ], "texture": "#staff_goblin_witch_staff" },
				"north": { "uv": [ 8.5, 6.5, 7.5, 6.75 ], "texture": "#staff_goblin_witch_staff" },
				"south": { "uv": [ 7.5, 6.5, 8.5, 6.75 ], "texture": "#staff_goblin_witch_staff" },
				"west": { "uv": [ 7.5, 6.5, 7.75, 6.75 ], "texture": "#staff_goblin_witch_staff" },
				"east": { "uv": [ 8.5, 6.75, 8.25, 6.5 ], "texture": "#staff_goblin_witch_staff", "rotation": 180 }
			}
		},
		{
			"name": "Box12",
			"from": [ 7.5, 8, 8 ],
			"to": [ 8, 8.75, 8.5 ],
			"faces": {
				"down": { "uv": [ 7.5, 7.75, 8, 8 ], "texture": "#staff_goblin_witch_staff" },
				"north": { "uv": [ 8, 7.25, 7.5, 8 ], "texture": "#staff_goblin_witch_staff" },
				"south": { "uv": [ 7.5, 7.25, 8, 8 ], "texture": "#staff_goblin_witch_staff" },
				"west": { "uv": [ 7.5, 7.25, 7.75, 8 ], "texture": "#staff_goblin_witch_staff" },
				"east": { "uv": [ 8, 8, 7.75, 7.25 ], "texture": "#staff_goblin_witch_staff", "rotation": 180 }
			}
		},
		{
			"name": "Box13",
			"from": [ 7.5, 2.75, 8 ],
			"to": [ 8.25, 3.25, 8.5 ],
			"faces": {
				"down": { "uv": [ 7.5, 13, 8.25, 13.25 ], "texture": "#staff_goblin_witch_staff" },
				"up": { "uv": [ 7.5, 13, 8.25, 12.75 ], "texture": "#staff_goblin_witch_staff" },
				"north": { "uv": [ 8.25, 12.75, 7.5, 13.25 ], "texture": "#staff_goblin_witch_staff" },
				"south": { "uv": [ 7.5, 12.75, 8.25, 13.25 ], "texture": "#staff_goblin_witch_staff" },
				"west": { "uv": [ 7.5, 12.75, 7.75, 13.25 ], "texture": "#staff_goblin_witch_staff" },
				"east": { "uv": [ 8.25, 13.25, 8, 12.75 ], "texture": "#staff_goblin_witch_staff", "rotation": 180 }
			}
		},
		{
			"name": "Box14",
			"from": [ 7.5, 1.75, 8 ],
			"to": [ 8, 2.75, 8.5 ],
			"faces": {
				"north": { "uv": [ 8, 13.25, 7.5, 14.25 ], "texture": "#staff_goblin_witch_staff" },
				"south": { "uv": [ 7.5, 13.25, 8, 14.25 ], "texture": "#staff_goblin_witch_staff" },
				"west": { "uv": [ 7.5, 13.25, 7.75, 14.25 ], "texture": "#staff_goblin_witch_staff" },
				"east": { "uv": [ 8, 13.25, 7.75, 14.25 ], "texture": "#staff_goblin_witch_staff" }
			}
		},
		{
			"name": "Box15",
			"from": [ 7.75, 11.5, 8.875 ],
			"to": [ 8.25, 12.25, 9.125 ],
			"faces": {
				"down": { "uv": [ 7.75, 4.25, 8.25, 4.5 ], "texture": "#staff_goblin_witch_staff" },
				"up": { "uv": [ 7.75, 4, 8.25, 3.75 ], "texture": "#staff_goblin_witch_staff" },
				"north": { "uv": [ 8.25, 3.75, 7.75, 4.5 ], "texture": "#staff_goblin_witch_staff" },
				"south": { "uv": [ 7.75, 3.75, 8.25, 4.5 ], "texture": "#staff_goblin_witch_staff" },
				"west": { "uv": [ 7.75, 3.75, 8, 4.5 ], "texture": "#staff_goblin_witch_staff" },
				"east": { "uv": [ 8.25, 3.75, 8, 4.5 ], "texture": "#staff_goblin_witch_staff" }
			}
		},
		{
			"name": "Box16",
			"from": [ 7.75, 11, 8 ],
			"to": [ 8.5, 11.25, 8.5 ],
			"faces": {
				"up": { "uv": [ 7.75, 5, 8.5, 4.75 ], "texture": "#staff_goblin_witch_staff" },
				"north": { "uv": [ 8.5, 4.75, 7.75, 5 ], "texture": "#staff_goblin_witch_staff" },
				"south": { "uv": [ 7.75, 4.75, 8.5, 5 ], "texture": "#staff_goblin_witch_staff" },
				"west": { "uv": [ 7.75, 4.75, 8, 5 ], "texture": "#staff_goblin_witch_staff" },
				"east": { "uv": [ 8.5, 5, 8.25, 4.75 ], "texture": "#staff_goblin_witch_staff", "rotation": 180 }
			}
		},
		{
			"name": "Box17",
			"from": [ 7.75, 9.5, 8 ],
			"to": [ 8.75, 10, 8.5 ],
			"faces": {
				"down": { "uv": [ 7.75, 6.25, 8.75, 6.5 ], "texture": "#staff_goblin_witch_staff" },
				"up": { "uv": [ 7.75, 6.25, 8.75, 6 ], "texture": "#staff_goblin_witch_staff" },
				"north": { "uv": [ 8.75, 6, 7.75, 6.5 ], "texture": "#staff_goblin_witch_staff" },
				"south": { "uv": [ 7.75, 6, 8.75, 6.5 ], "texture": "#staff_goblin_witch_staff" },
				"west": { "uv": [ 7.75, 6, 8, 6.5 ], "texture": "#staff_goblin_witch_staff" },
				"east": { "uv": [ 8.75, 6.5, 8.5, 6 ], "texture": "#staff_goblin_witch_staff", "rotation": 180 }
			}
		},
		{
			"name": "Box18",
			"from": [ 7.75, 6.75, 8 ],
			"to": [ 8.25, 8, 8.5 ],
			"faces": {
				"down": { "uv": [ 7.75, 9, 8.25, 9.25 ], "texture": "#staff_goblin_witch_staff" },
				"up": { "uv": [ 7.75, 8.25, 8.25, 8 ], "texture": "#staff_goblin_witch_staff" },
				"north": { "uv": [ 8.25, 8, 7.75, 9.25 ], "texture": "#staff_goblin_witch_staff" },
				"south": { "uv": [ 7.75, 8, 8.25, 9.25 ], "texture": "#staff_goblin_witch_staff" },
				"west": { "uv": [ 7.75, 8, 8, 9.25 ], "texture": "#staff_goblin_witch_staff" }
			}
		},
		{
			"name": "Box19",
			"from": [ 7.75, 4.5, 8 ],
			"to": [ 8.5, 5.25, 8.5 ],
			"faces": {
				"down": { "uv": [ 7.75, 11.25, 8.5, 11.5 ], "texture": "#staff_goblin_witch_staff" },
				"up": { "uv": [ 7.75, 11, 8.5, 10.75 ], "texture": "#staff_goblin_witch_staff" },
				"north": { "uv": [ 8.5, 10.75, 7.75, 11.5 ], "texture": "#staff_goblin_witch_staff" },
				"south": { "uv": [ 7.75, 10.75, 8.5, 11.5 ], "texture": "#staff_goblin_witch_staff" },
				"west": { "uv": [ 7.75, 10.75, 8, 11.5 ], "texture": "#staff_goblin_witch_staff" },
				"east": { "uv": [ 8.5, 11.5, 8.25, 10.75 ], "texture": "#staff_goblin_witch_staff", "rotation": 180 }
			}
		},
		{
			"name": "Box20",
			"from": [ 7.75, 3.25, 8 ],
			"to": [ 8.25, 4.5, 8.5 ],
			"faces": {
				"north": { "uv": [ 8.25, 11.5, 7.75, 12.75 ], "texture": "#staff_goblin_witch_staff" },
				"south": { "uv": [ 7.75, 11.5, 8.25, 12.75 ], "texture": "#staff_goblin_witch_staff" },
				"west": { "uv": [ 7.75, 11.5, 8, 12.75 ], "texture": "#staff_goblin_witch_staff" },
				"east": { "uv": [ 8.25, 12.75, 8, 11.5 ], "texture": "#staff_goblin_witch_staff", "rotation": 180 }
			}
		},
		{
			"name": "Box21",
			"from": [ 7.75, 0.25, 8 ],
			"to": [ 8.25, 1, 8.5 ],
			"faces": {
				"down": { "uv": [ 7.75, 15.5, 8.25, 15.75 ], "texture": "#staff_goblin_witch_staff" },
				"north": { "uv": [ 8.25, 15, 7.75, 15.75 ], "texture": "#staff_goblin_witch_staff" },
				"south": { "uv": [ 7.75, 15, 8.25, 15.75 ], "texture": "#staff_goblin_witch_staff" },
				"west": { "uv": [ 7.75, 15, 8, 15.75 ], "texture": "#staff_goblin_witch_staff" },
				"east": { "uv": [ 8.25, 15.75, 8, 15 ], "texture": "#staff_goblin_witch_staff", "rotation": 180 }
			}
		},
		{
			"name": "Box22",
			"from": [ 8, 11.25, 8 ],
			"to": [ 8.5, 11.5, 8.5 ],
			"faces": {
				"north": { "uv": [ 8.5, 4.5, 8, 4.75 ], "texture": "#staff_goblin_witch_staff" },
				"south": { "uv": [ 8, 4.5, 8.5, 4.75 ], "texture": "#staff_goblin_witch_staff" },
				"west": { "uv": [ 8, 4.5, 8.25, 4.75 ], "texture": "#staff_goblin_witch_staff" },
				"east": { "uv": [ 8.5, 4.75, 8.25, 4.5 ], "texture": "#staff_goblin_witch_staff", "rotation": 180 }
			}
		},
		{
			"name": "Box23",
			"from": [ 8, 5.25, 8 ],
			"to": [ 8.25, 8.5, 8.5 ],
			"faces": {
				"up": { "uv": [ 8, 7.75, 8.25, 7.5 ], "texture": "#staff_goblin_witch_staff" },
				"north": { "uv": [ 8.25, 7.5, 8, 10.75 ], "texture": "#staff_goblin_witch_staff" },
				"south": { "uv": [ 8, 7.5, 8.25, 10.75 ], "texture": "#staff_goblin_witch_staff" },
				"west": { "uv": [ 8, 7.5, 8.25, 10.75 ], "texture": "#staff_goblin_witch_staff" },
				"east": { "uv": [ 8.25, 10.75, 8, 7.5 ], "texture": "#staff_goblin_witch_staff", "rotation": 180 }
			}
		},
		{
			"name": "Box24",
			"from": [ 8, 1.75, 8.25 ],
			"to": [ 8.5, 2.25, 8.75 ],
			"faces": {
				"down": { "uv": [ 8, 14, 8.5, 14.25 ], "texture": "#staff_goblin_witch_staff" },
				"up": { "uv": [ 8, 14, 8.5, 13.75 ], "texture": "#staff_goblin_witch_staff" },
				"north": { "uv": [ 8.5, 13.75, 8, 14.25 ], "texture": "#staff_goblin_witch_staff" },
				"south": { "uv": [ 8, 13.75, 8.5, 14.25 ], "texture": "#staff_goblin_witch_staff" },
				"west": { "uv": [ 8, 13.75, 8.25, 14.25 ], "texture": "#staff_goblin_witch_staff" },
				"east": { "uv": [ 8.5, 14.25, 8.25, 13.75 ], "texture": "#staff_goblin_witch_staff", "rotation": 180 }
			}
		},
		{
			"name": "Box25",
			"from": [ 7.75, 1, 8 ],
			"to": [ 8.25, 1.25, 8.5 ],
			"faces": {
				"up": { "uv": [ 8, 15, 8.25, 14.75 ], "texture": "#staff_goblin_witch_staff" },
				"north": { "uv": [ 8.25, 14.75, 8, 15 ], "texture": "#staff_goblin_witch_staff" },
				"south": { "uv": [ 8, 14.75, 8.25, 15 ], "texture": "#staff_goblin_witch_staff" },
				"west": { "uv": [ 8, 14.75, 8.25, 15 ], "texture": "#staff_goblin_witch_staff" },
				"east": { "uv": [ 8.25, 15, 8, 14.75 ], "texture": "#staff_goblin_witch_staff", "rotation": 180 }
			}
		},
		{
			"name": "Box26",
			"from": [ 8.25, 5.25, 8 ],
			"to": [ 8.5, 7.5, 8.5 ],
			"faces": {
				"up": { "uv": [ 8.25, 8.75, 8.5, 8.5 ], "texture": "#staff_goblin_witch_staff" },
				"north": { "uv": [ 8.5, 8.5, 8.25, 10.75 ], "texture": "#staff_goblin_witch_staff" },
				"south": { "uv": [ 8.25, 8.5, 8.5, 10.75 ], "texture": "#staff_goblin_witch_staff" },
				"east": { "uv": [ 8.5, 10.75, 8.25, 8.5 ], "texture": "#staff_goblin_witch_staff", "rotation": 180 }
			}
		},
		{
			"name": "Box15",
			"from": [ 8.5, 11.5, 8.75 ],
			"to": [ 8.75, 12, 9 ],
			"faces": {
				"down": { "uv": [ 8.5, 4.25, 8.75, 4.5 ], "texture": "#staff_goblin_witch_staff" },
				"north": { "uv": [ 8.75, 4, 8.5, 4.5 ], "texture": "#staff_goblin_witch_staff" },
				"south": { "uv": [ 8.5, 4, 8.75, 4.5 ], "texture": "#staff_goblin_witch_staff" },
				"west": { "uv": [ 8.5, 4, 8.75, 4.5 ], "texture": "#staff_goblin_witch_staff" },
				"east": { "uv": [ 8.75, 4, 8.5, 4.5 ], "texture": "#staff_goblin_witch_staff" }
			}
		},
		{
			"name": "Box2",
			"from": [ 7.25, 12.25, 9 ],
			"to": [ 8.75, 13.5, 9.25 ],
			"faces": {
				"down": { "uv": [ 7.25, 3.5, 8.75, 3.75 ], "texture": "#staff_goblin_witch_staff" },
				"up": { "uv": [ 7.25, 2.75, 8.75, 2.5 ], "texture": "#staff_goblin_witch_staff" },
				"south": { "uv": [ 7.25, 2.5, 8.75, 3.75 ], "texture": "#staff_goblin_witch_staff" },
				"west": { "uv": [ 7.25, 2.5, 7.5, 3.75 ], "texture": "#staff_goblin_witch_staff" },
				"east": { "uv": [ 8.75, 2.5, 8.5, 3.75 ], "texture": "#staff_goblin_witch_staff" }
			}
		},
		{
			"name": "Box2",
			"from": [ 7.25, 12.25, 7 ],
			"to": [ 8.75, 13.5, 7.25 ],
			"faces": {
				"down": { "uv": [ 6.75, 3.5, 7, 3.75 ], "texture": "#staff_goblin_witch_staff" },
				"up": { "uv": [ 6.75, 2.75, 7, 2.5 ], "texture": "#staff_goblin_witch_staff" },
				"north": { "uv": [ 7, 2.5, 6.75, 3.75 ], "texture": "#staff_goblin_witch_staff" },
				"west": { "uv": [ 6.75, 2.5, 7, 3.75 ], "texture": "#staff_goblin_witch_staff" },
				"east": { "uv": [ 7, 2.5, 6.75, 3.75 ], "texture": "#staff_goblin_witch_staff" }
			}
		},
		{
			"name": "Box2",
			"from": [ 7, 12, 7.25 ],
			"to": [ 9, 13.75, 7.75 ],
			"faces": {
				"down": { "uv": [ 7, 3.75, 7.25, 4 ], "texture": "#staff_goblin_witch_staff_supplement" },
				"up": { "uv": [ 7, 2.5, 7.25, 2.25 ], "texture": "#staff_goblin_witch_staff_supplement" },
				"north": { "uv": [ 7.25, 2.25, 7, 4 ], "texture": "#staff_goblin_witch_staff_supplement" },
				"west": { "uv": [ 7, 2.25, 7.25, 4 ], "texture": "#staff_goblin_witch_staff_supplement" },
				"east": { "uv": [ 7.25, 2.25, 7, 4 ], "texture": "#staff_goblin_witch_staff_supplement" }
			}
		},
		{
			"name": "Box6",
			"from": [ 7.5, 10.25, 7.75 ],
			"to": [ 8, 10.75, 8.75 ],
			"faces": {
				"down": { "uv": [ 7.5, 5.5, 8, 5.75 ], "texture": "#staff_goblin_witch_staff" },
				"up": { "uv": [ 7.5, 5.5, 8, 5.25 ], "texture": "#staff_goblin_witch_staff" },
				"north": { "uv": [ 8, 5.25, 7.5, 5.75 ], "texture": "#staff_goblin_witch_staff" },
				"south": { "uv": [ 7.5, 5.25, 8, 5.75 ], "texture": "#staff_goblin_witch_staff" },
				"west": { "uv": [ 7.5, 5.25, 7.75, 5.75 ], "texture": "#staff_goblin_witch_staff" },
				"east": { "uv": [ 8, 5.25, 7.75, 5.75 ], "texture": "#staff_goblin_witch_staff" }
			}
		},
		{
			"name": "Box6",
			"from": [ 8, 9.5, 7.75 ],
			"to": [ 8.5, 10, 8.75 ],
			"faces": {
				"down": { "uv": [ 8, 6.25, 8.5, 6.5 ], "texture": "#staff_goblin_witch_staff" },
				"up": { "uv": [ 8, 6.25, 8.5, 6 ], "texture": "#staff_goblin_witch_staff" },
				"north": { "uv": [ 8.5, 6, 8, 6.5 ], "texture": "#staff_goblin_witch_staff" },
				"south": { "uv": [ 8, 6, 8.5, 6.5 ], "texture": "#staff_goblin_witch_staff" },
				"west": { "uv": [ 8, 6, 8.25, 6.5 ], "texture": "#staff_goblin_witch_staff" },
				"east": { "uv": [ 8.5, 6, 8.25, 6.5 ], "texture": "#staff_goblin_witch_staff" }
			}
		},
		{
			"name": "Box6",
			"from": [ 7.5, 8.75, 7.75 ],
			"to": [ 8, 9.25, 8.75 ],
			"faces": {
				"down": { "uv": [ 7.5, 7, 8, 7.25 ], "texture": "#staff_goblin_witch_staff" },
				"up": { "uv": [ 7.5, 7, 8, 6.75 ], "texture": "#staff_goblin_witch_staff" },
				"north": { "uv": [ 8, 6.75, 7.5, 7.25 ], "texture": "#staff_goblin_witch_staff" },
				"south": { "uv": [ 7.5, 6.75, 8, 7.25 ], "texture": "#staff_goblin_witch_staff" },
				"west": { "uv": [ 7.5, 6.75, 7.75, 7.25 ], "texture": "#staff_goblin_witch_staff" },
				"east": { "uv": [ 8, 6.75, 7.75, 7.25 ], "texture": "#staff_goblin_witch_staff" }
			}
		},
		{
			"name": "Box22",
			"from": [ 8, 11.5, 8 ],
			"to": [ 8.5, 12.25, 8.5 ],
			"faces": {
				"north": { "uv": [ 8.5, 4.5, 8, 4.75 ], "texture": "#staff_goblin_witch_staff" },
				"south": { "uv": [ 8, 4.5, 8.5, 4.75 ], "texture": "#staff_goblin_witch_staff" },
				"west": { "uv": [ 8, 4.5, 8.25, 4.75 ], "texture": "#staff_goblin_witch_staff" },
				"east": { "uv": [ 8.5, 4.75, 8.25, 4.5 ], "texture": "#staff_goblin_witch_staff", "rotation": 180 }
			}
		},
		{
			"name": "Box24",
			"from": [ 8, 1.5, 8.25 ],
			"to": [ 8.25, 1.75, 8.75 ],
			"faces": {
				"down": { "uv": [ 8, 14.25, 8.25, 14.5 ], "texture": "#staff_goblin_witch_staff" },
				"north": { "uv": [ 8.25, 14.25, 8, 14.5 ], "texture": "#staff_goblin_witch_staff" },
				"south": { "uv": [ 8, 14.25, 8.25, 14.5 ], "texture": "#staff_goblin_witch_staff" },
				"west": { "uv": [ 8, 14.25, 8.25, 14.5 ], "texture": "#staff_goblin_witch_staff" },
				"east": { "uv": [ 8.25, 14.25, 8, 14.5 ], "texture": "#staff_goblin_witch_staff" }
			}
		},
		{
			"name": "Box8",
			"from": [ 7.5, 1.25, 8 ],
			"to": [ 8, 1.75, 8.5 ],
			"faces": {
				"down": { "uv": [ 7.75, 14.5, 8, 14.75 ], "texture": "#staff_goblin_witch_staff" },
				"north": { "uv": [ 8, 14.25, 7.75, 14.75 ], "texture": "#staff_goblin_witch_staff" },
				"south": { "uv": [ 7.75, 14.25, 8, 14.75 ], "texture": "#staff_goblin_witch_staff" },
				"west": { "uv": [ 7.75, 14.25, 8, 14.75 ], "texture": "#staff_goblin_witch_staff" },
				"east": { "uv": [ 8, 14.25, 7.75, 14.75 ], "texture": "#staff_goblin_witch_staff" }
			}
		},
		{
			"name": "Box8",
			"from": [ 7.5, 1, 7.75 ],
			"to": [ 7.75, 1.25, 8.25 ],
			"faces": {
				"down": { "uv": [ 7.5, 14.75, 7.75, 15 ], "texture": "#staff_goblin_witch_staff" },
				"north": { "uv": [ 7.75, 14.75, 7.5, 15 ], "texture": "#staff_goblin_witch_staff" },
				"south": { "uv": [ 7.5, 14.75, 7.75, 15 ], "texture": "#staff_goblin_witch_staff" },
				"west": { "uv": [ 7.5, 14.75, 7.75, 15 ], "texture": "#staff_goblin_witch_staff" },
				"east": { "uv": [ 7.75, 14.75, 7.5, 15 ], "texture": "#staff_goblin_witch_staff" }
			}
		},
		{
			"name": "PlaneX38",
			"from": [ 8, 9.375, 4.5 ],
			"to": [ 8.001, 16.625, 11.75 ],
			"faces": {
				"west": { "uv": [ 0, 0, 16, 16 ], "texture": "#charging" },
				"east": { "uv": [ 16, 0, 0, 16 ], "texture": "#charging" }
			}
		},
		{
			"name": "PlaneX38",
			"from": [ 4.375, 9.375, 8.125 ],
			"to": [ 11.625, 16.625, 8.126 ],
			"faces": {
				"north": { "uv": [ 0, 0, 16, 16 ], "texture": "#charging" },
				"south": { "uv": [ 16, 0, 0, 16 ], "texture": "#charging" }
			}
		}
	],
	"gui_light": "front",
	"display": {
		"thirdperson_righthand": {
			"rotation":  [ 0, 180, 0 ],
			"translation":  [ 0, 0, 2.5 ],
			"scale":  [ 3, 3, 3 ]
		},
		"thirdperson_lefthand": {
			"rotation":  [ 0, 180, 0 ],
			"translation":  [ 0, 0, 2.5 ],
			"scale":  [ 3, 3, 3 ]
		},
		"firstperson_righthand": {
			"rotation":  [ -15, 180, 0 ],
			"translation":  [ 2, 4, 0 ],
			"scale":  [ 2, 2, 2 ]
		},
		"firstperson_lefthand": {
			"rotation":  [ -15, 180, 0 ],
			"translation":  [ 2, 4, 0 ],
			"scale":  [ 2, 2, 2 ]
		},
		"gui": {
			"rotation":  [ 0, 0, -45 ],
			"scale":  [ 1.3, 1.3, 1.3 ]
		},
		"ground": {
			"rotation":  [ 0, 0, -45 ],
			"translation":  [ 0, 2, 0 ]
		},
		"fixed": {
			"rotation":  [ 0, -180, -45 ],
			"scale":  [ 2, 2, 2 ]
		}
	}
}